"0","# Analyze word frequency in card game descriptions"
"0","# Extract and tokenize descriptions specifically for card games"
"0","card_game_descriptions <- card_games_data %>%"
"0","  filter(description != ""Unknown"") %>%"
"0","  select(description)"
"0",""
"0","# Tokenize words and calculate frequency"
"0","word_frequency <- card_game_descriptions %>%"
"0","  unnest_tokens(word, description) %>%"
"0","  filter(!word %in% stop_words$word) %>% # Remove common stop words"
"0","  count(word, sort = TRUE)"
"0",""
"0","# Display the top 20 most frequent words"
"0","word_frequency %>%"
"0","  slice_head(n = 20) %>%"
"0","  knitr::kable(col.names = c(""Word"", ""Frequency""))"
"2","Registered S3 methods overwritten by 'htmltools':
  method               from         
  print.html           tools:rstudio
  print.shiny.tag      tools:rstudio
  print.shiny.tag.list tools:rstudio
"
"2","Registered S3 method overwritten by 'rmarkdown':
  method         from
  print.paged_df     
"
